path,blur
//Volumes/MASON_USB/new_images/D02-JBS1-WI14 (152).JPG,264.1587370641478
//Volumes/MASON_USB/new_images/D02-JBS1-WI14 (208).JPG,246.23855073102786
//Volumes/MASON_USB/new_images/D02-JBS1-WI14 (232).JPG,221.68060735997167
//Volumes/MASON_USB/new_images/D02-JBS1-WI14 (242).JPG,217.2421527439347
//Volumes/MASON_USB/new_images/D02-JBS1-WI14 (82).JPG,801.5250247659591
//Volumes/MASON_USB/new_images/D02-MDU1-FA13 (141).JPG,270.245325247829
//Volumes/MASON_USB/new_images/D02-MDU1-FA13 (142).JPG,267.81170852960383
//Volumes/MASON_USB/new_images/D02-MDU1-FA13 (143).JPG,267.58129941222364
//Volumes/MASON_USB/new_images/D02-MDU1-FA13 (164).JPG,262.5298223015204
//Volumes/MASON_USB/new_images/D02-MDU1-FA13 (73).JPG,260.7354697274589
//Volumes/MASON_USB/new_images/D02-MDU1-WI14 (134).JPG,515.5346587222512
//Volumes/MASON_USB/new_images/D02-MDU1-WI14 (137).JPG,933.0710144456378
//Volumes/MASON_USB/new_images/D02-MDU1-WI14 (15).JPG,924.0318503331512
//Volumes/MASON_USB/new_images/D02-MDU1-WI14 (16).JPG,933.8227158068045
//Volumes/MASON_USB/new_images/D02-MDU1-WI14 (47).JPG,919.4622942580816
//Volumes/MASON_USB/new_images/D02-MDU1-WI14 (60).JPG,963.8767787859555
//Volumes/MASON_USB/new_images/D02-RCP1-FA13 (202).JPG,844.0839575340133
//Volumes/MASON_USB/new_images/D02-RCP1-FA13 (279).JPG,818.3350942954461
//Volumes/MASON_USB/new_images/D02-RCP1-FA13 (326).JPG,825.0893917560969
//Volumes/MASON_USB/new_images/D02-RCP1-FA13 (327).JPG,820.4884669361529
//Volumes/MASON_USB/new_images/D02-RCP1-FA13 (365).JPG,860.089134566598
//Volumes/MASON_USB/new_images/D02-RCP1-FA13 (366).JPG,850.8959141553781
//Volumes/MASON_USB/new_images/D02-RCP1-FA13 (367).JPG,855.6424198040485
//Volumes/MASON_USB/new_images/D02-RCP1-FA13 (368).JPG,855.7837572108593
//Volumes/MASON_USB/new_images/D02-RCP1-FA13 (369).JPG,850.5358295755993
//Volumes/MASON_USB/new_images/D02-RCP1-FA13 (473).JPG,884.2564683009504
//Volumes/MASON_USB/new_images/D02-RCP1-FA13 (474).JPG,887.887237452107
//Volumes/MASON_USB/new_images/D02-RCP1-FA13 (504).JPG,873.4187081122582
//Volumes/MASON_USB/new_images/D02-RCP1-FA13 (86).JPG,769.4975808188594
//Volumes/MASON_USB/new_images/D02-RCP1-FA13 (87).JPG,812.2684689440817
//Volumes/MASON_USB/new_images/D02-RCP1-FA13 (88).JPG,830.149013764361
//Volumes/MASON_USB/new_images/D02-RCP1-FA13 (89).JPG,859.7853681967485
//Volumes/MASON_USB/new_images/D02-RCP1-FA13 (90).JPG,844.7140314033041
//Volumes/MASON_USB/new_images/D04-DNP1-FA13 (240).JPG,926.7031220855749
//Volumes/MASON_USB/new_images/D04-DNP1-FA13 (71).JPG,927.3269711137763
//Volumes/MASON_USB/new_images/D04-EVC1-FA13 (233).JPG,762.8436249563205
//Volumes/MASON_USB/new_images/D04-EVC1-FA13 (234).JPG,782.030374800107
//Volumes/MASON_USB/new_images/D04-EVC1-FA13 (38).JPG,411.4189194428507
//Volumes/MASON_USB/new_images/D04-EVC1-WI14 (102).JPG,225.25567526862412
//Volumes/MASON_USB/new_images/D04-ROS1-WI14 (842).JPG,234.98804833530414
//Volumes/MASON_USB/new_images/D05-PRC1-WI14 (26).JPG,227.46943539905757
//Volumes/MASON_USB/new_images/D07-ASC2-FA13 (81).JPG,267.2139659796975
//Volumes/MASON_USB/new_images/D07-ASC2-FA13 (82).JPG,266.0917932792744
//Volumes/MASON_USB/new_images/D07-NOC1-WI14 (49).JPG,192.73475186660932
//Volumes/MASON_USB/new_images/D08-CCC1-FA13 (227).JPG,266.67874998517067
//Volumes/MASON_USB/new_images/D08-CCC1-FA13 (228).JPG,265.00462684651814
//Volumes/MASON_USB/new_images/D08-CCC1-FA13 (232).JPG,266.07929718175683
//Volumes/MASON_USB/new_images/D08-CCC1-FA13 (233).JPG,268.7197960832587
//Volumes/MASON_USB/new_images/D08-CCC1-FA13 (234).JPG,275.50219610240737
//Volumes/MASON_USB/new_images/D08-CCC1-FA13 (235).JPG,272.9454402166069
//Volumes/MASON_USB/new_images/D08-CCC1-FA13 (236).JPG,276.9322039490534
//Volumes/MASON_USB/new_images/D08-CCC1-FA13 (237).JPG,275.5865087200053
//Volumes/MASON_USB/new_images/D08-CCC1-FA13 (238).JPG,277.18692386445974
//Volumes/MASON_USB/new_images/D08-CCC1-FA13 (239).JPG,273.28629234889195
//Volumes/MASON_USB/new_images/D08-CCC1-FA13 (246).JPG,268.4711607133938
//Volumes/MASON_USB/new_images/D08-CCC1-FA13 (248).JPG,274.27995157859505
//Volumes/MASON_USB/new_images/D08-CCC1-FA13 (249).JPG,274.0053953647013
//Volumes/MASON_USB/new_images/D08-CCC1-FA13 (277).JPG,273.38718098653254
//Volumes/MASON_USB/new_images/D08-CCC1-FA13 (278).JPG,274.16756835643827
//Volumes/MASON_USB/new_images/D08-CCC1-FA13 (280).JPG,271.83982384379954
//Volumes/MASON_USB/new_images/D08-CCC1-FA13 (281).JPG,275.4384908178178
//Volumes/MASON_USB/new_images/D08-CCC1-FA13 (305).JPG,273.6143886265667
//Volumes/MASON_USB/new_images/D08-CCC1-FA13 (351).JPG,267.4564900090439
//Volumes/MASON_USB/new_images/D08-CCC1-FA13 (366).JPG,265.5458345788371
//Volumes/MASON_USB/new_images/D08-CCC1-FA13 (369).JPG,259.71470257207113
//Volumes/MASON_USB/new_images/D08-DAW3-FA13 (104).JPG,1658.5254447360671
//Volumes/MASON_USB/new_images/D08-DAW3-FA13 (105).JPG,1743.1366053704685
//Volumes/MASON_USB/new_images/D08-DAW3-FA13 (75).JPG,255.63809105555842
//Volumes/MASON_USB/new_images/D08-DAW3-FA13 (94).JPG,256.21634432893893
//Volumes/MASON_USB/new_images/D08-DAW3-FA13 (96).JPG,256.73880151483013
//Volumes/MASON_USB/new_images/D09-CLG1-FA13 (150).JPG,231.2188785376517
//Volumes/MASON_USB/new_images/D09-CLG1-FA13 (167).JPG,239.24953479413108
//Volumes/MASON_USB/new_images/D09-CLG1-FA13 (168).JPG,242.51405060280294
//Volumes/MASON_USB/new_images/D09-CLG1-FA13 (61).JPG,265.81247252998196
//Volumes/MASON_USB/new_images/D09-CLG1-FA13 (82).JPG,246.14770078646953
//Volumes/MASON_USB/new_images/D09-CLG1-WI14 (12).JPG,249.96516221947962
//Volumes/MASON_USB/new_images/D10-CAN1-FA13 (64).JPG,801.6891996677941
//Volumes/MASON_USB/new_images/D10-CAN1-FA13 (65).JPG,820.0575737692095
//Volumes/MASON_USB/new_images/D10-CAN1-FA13 (67).JPG,823.5447411820597
//Volumes/MASON_USB/new_images/D10-CAN1-FA13 (73).JPG,840.208124341313
//Volumes/MASON_USB/new_images/D10-CAN1-FA13 (97).JPG,818.4837795872173
//Volumes/MASON_USB/new_images/D10-CAN1-FA13 (98).JPG,832.4321826363151
//Volumes/MASON_USB/new_images/D10-VHC1-FA13 (53).JPG,272.01886799311245
//Volumes/MASON_USB/new_images/J01-BBS1-FA13 (15).JPG,786.9204607078537
//Volumes/MASON_USB/new_images/J01-BBS1-FA13 (16).JPG,782.2465378027684
//Volumes/MASON_USB/new_images/J01-BBS1-FA13 (45).JPG,794.031290681873
//Volumes/MASON_USB/new_images/J01-BBS1-WI14 (10).JPG,838.2890454757718
//Volumes/MASON_USB/new_images/J01-BBS1-WI14 (11).JPG,835.4299587989394
//Volumes/MASON_USB/new_images/J01-BBS1-WI14 (12).JPG,830.8573214575239
//Volumes/MASON_USB/new_images/J01-BBS1-WI14 (13).JPG,834.3288844455418
//Volumes/MASON_USB/new_images/J01-BBS1-WI14 (16).JPG,914.6032108893348
//Volumes/MASON_USB/new_images/J01-BBS1-WI14 (7).JPG,820.0908963542382
//Volumes/MASON_USB/new_images/J01-BBS1-WI14 (8).JPG,816.7954657472843
//Volumes/MASON_USB/new_images/J01-BBS1-WI14 (9).JPG,826.3341930999065
//Volumes/MASON_USB/new_images/R02-CPG1-WI14 (16).JPG,801.254968968088
//Volumes/MASON_USB/new_images/R02-CPG1-WI14 (18).JPG,862.4691156834068
//Volumes/MASON_USB/new_images/R02-CPG1-WI14 (19).JPG,1215.5337613014926
//Volumes/MASON_USB/new_images/R02-CPG1-WI14 (23).JPG,1445.2914239916095
//Volumes/MASON_USB/new_images/R03-AUP1-FA13 (65).JPG,788.7464201516469
//Volumes/MASON_USB/new_images/R03-AUP1-FA13 (83).JPG,819.1786679374452
//Volumes/MASON_USB/new_images/R03-AUP1-FA13 (85).JPG,835.3570951514132
//Volumes/MASON_USB/new_images/R03-CPG1-FA13 (1190).JPG,797.9149146446999
//Volumes/MASON_USB/new_images/R03-CPG1-FA13 (1191).JPG,799.0314714776819
//Volumes/MASON_USB/new_images/R03-CPG1-FA13 (18).JPG,799.7923956222187
//Volumes/MASON_USB/new_images/R03-CPG1-FA13 (19).JPG,794.1835155038797
//Volumes/MASON_USB/new_images/R03-CPG1-FA13 (20).JPG,795.9546759127956
//Volumes/MASON_USB/new_images/R03-CPG1-FA13 (200).JPG,820.7238437416017
//Volumes/MASON_USB/new_images/R03-CPG1-FA13 (21).JPG,797.9073980399909
//Volumes/MASON_USB/new_images/R03-CPG1-FA13 (22).JPG,781.6529557498175
//Volumes/MASON_USB/new_images/R03-CPG1-FA13 (23).JPG,790.4578756174949
//Volumes/MASON_USB/new_images/R03-CPG1-FA13 (26).JPG,802.2989275766021
//Volumes/MASON_USB/new_images/R03-CPG1-FA13 (436).JPG,820.6079084753787
//Volumes/MASON_USB/new_images/R03-CPG1-FA13 (437).JPG,836.9433781029973
//Volumes/MASON_USB/new_images/R03-CPG1-FA13 (561).JPG,805.1791954108184
//Volumes/MASON_USB/new_images/R03-CPG1-FA13 (597).JPG,801.9772396813469
//Volumes/MASON_USB/new_images/R03-CPG1-FA13 (598).JPG,807.6389440468812
//Volumes/MASON_USB/new_images/R03-CPG1-FA13 (599).JPG,808.6712653635171
//Volumes/MASON_USB/new_images/R03-CPG1-FA13 (813).JPG,808.4834408256572
//Volumes/MASON_USB/new_images/R03-CPG1-FA13 (814).JPG,798.4027043472105
//Volumes/MASON_USB/new_images/R03-CPG1-FA13 (873).JPG,802.4776652431218
//Volumes/MASON_USB/new_images/R03-CPG1-FA13 (901).JPG,792.4901931734437
//Volumes/MASON_USB/new_images/R03-CPG1-FA13 (902).JPG,800.2258465057188
//Volumes/MASON_USB/new_images/R03-CPG1-FA13 (903).JPG,794.8108089147224
//Volumes/MASON_USB/new_images/R03-CPG1-FA13 (904).JPG,799.9833916293292
//Volumes/MASON_USB/new_images/R03-CPG1-FA13 (906).JPG,801.1183563055868
//Volumes/MASON_USB/new_images/R03-CPG1-FA13 (907).JPG,795.9498817955504
//Volumes/MASON_USB/new_images/R03-CPG1-FA13 (908).JPG,788.5017035516379
//Volumes/MASON_USB/new_images/R03-CPG1-FA13 (909).JPG,810.8429174870848
//Volumes/MASON_USB/new_images/R03-CPG1-FA13 (910).JPG,791.6241602564604
//Volumes/MASON_USB/new_images/R03-CPG1-FA13 (911).JPG,792.449892549754
//Volumes/MASON_USB/new_images/R03-CPG1-FA13 (912).JPG,812.2449780290355
//Volumes/MASON_USB/new_images/R03-CPG1-FA13 (915).JPG,770.7989483846558
//Volumes/MASON_USB/new_images/R03-CPG1-FA13 (931).JPG,817.7679069973592
//Volumes/MASON_USB/new_images/R03-CPG1-FA13 (932).JPG,816.3104978460332
//Volumes/MASON_USB/new_images/R04-MMW2-FA13 (19).JPG,259.3239843658695
//Volumes/MASON_USB/new_images/R05-FMG1-FA13 (14).JPG,269.5235036394759
//Volumes/MASON_USB/new_images/R05-FMG1-FA13 (15).JPG,270.85437997604186
//Volumes/MASON_USB/new_images/R05-MTC1-FA13 (14).JPG,283.4450378753814
//Volumes/MASON_USB/new_images/R05-MTC1-FA13 (15).JPG,289.4080965176049
//Volumes/MASON_USB/new_images/R05-MTC1-FA13 (16).JPG,287.94580855555137
//Volumes/MASON_USB/new_images/R05-MTC1-FA13 (19).JPG,335.40985651394584
//Volumes/MASON_USB/new_images/R05-MTC1-FA13 (20).JPG,488.34577243109305
//Volumes/MASON_USB/new_images/R05-MTC1-FA13 (35).JPG,291.05628424127065
//Volumes/MASON_USB/new_images/R05-MTC1-FA13 (36).JPG,334.89053266802523
//Volumes/MASON_USB/new_images/R05-MTC1-FA13 (37).JPG,326.28859275614246
//Volumes/MASON_USB/new_images/R05-MTC1-FA13 (38).JPG,300.90248444388897
//Volumes/MASON_USB/new_images/R05-MTC1-FA13 (40).JPG,465.86137077415964
//Volumes/MASON_USB/new_images/R05-MTC1-FA13 (42).JPG,287.2958958961337
//Volumes/MASON_USB/new_images/R05-MTC1-FA13 (43).JPG,288.9972698407393
//Volumes/MASON_USB/new_images/R05-MTC1-FA13 (44).JPG,293.46267150216465
//Volumes/MASON_USB/new_images/R05-MTC1-FA13 (45).JPG,294.47521241436505
//Volumes/MASON_USB/new_images/R05-MTC1-WI14 (10).JPG,221.99093610806585
//Volumes/MASON_USB/new_images/R05-MTC1-WI14 (12).JPG,206.26424081634886
//Volumes/MASON_USB/new_images/R05-MTC1-WI14 (13).JPG,219.48585747508926
//Volumes/MASON_USB/new_images/R05-MTC1-WI14 (14).JPG,211.37660363144593
//Volumes/MASON_USB/new_images/R05-MTC1-WI14 (18).JPG,569.2500609924671
//Volumes/MASON_USB/new_images/R05-MTC1-WI14 (19).JPG,206.84106266167316
//Volumes/MASON_USB/new_images/R05-MTC1-WI14 (21).JPG,221.5225555312904
//Volumes/MASON_USB/new_images/R05-MTC1-WI14 (22).JPG,216.509616666544
//Volumes/MASON_USB/new_images/R05-MTC1-WI14 (30).JPG,201.57838636895332
//Volumes/MASON_USB/new_images/R05-MTC1-WI14 (31).JPG,219.6499528177395
//Volumes/MASON_USB/new_images/R05-MTC1-WI14 (33).JPG,205.33728837358524
//Volumes/MASON_USB/new_images/R06-OTB1-FA13 (107).JPG,239.07608699247606
//Volumes/MASON_USB/new_images/R06-OTB1-FA13 (108).JPG,241.46647130076724
//Volumes/MASON_USB/new_images/R06-OTB1-FA13 (22).JPG,204.4812246570089
//Volumes/MASON_USB/new_images/R06-OTB1-FA13 (23).JPG,205.4019573521527
//Volumes/MASON_USB/new_images/R06-OTB1-FA13 (233).JPG,237.85432563031088
//Volumes/MASON_USB/new_images/R06-OTB1-FA13 (24).JPG,204.00357577390704
//Volumes/MASON_USB/new_images/R06-OTB1-FA13 (25).JPG,209.33892667036795
//Volumes/MASON_USB/new_images/R06-OTB1-FA13 (262).JPG,244.23713932421535
//Volumes/MASON_USB/new_images/R06-OTB1-FA13 (27).JPG,249.0974907144685
//Volumes/MASON_USB/new_images/R06-OTB1-FA13 (29).JPG,244.62428824335854
//Volumes/MASON_USB/new_images/R06-OTB1-FA13 (293).JPG,282.1189111782498
//Volumes/MASON_USB/new_images/R06-OTB1-FA13 (30).JPG,246.30328091269413
//Volumes/MASON_USB/new_images/R06-OTB1-FA13 (43).JPG,253.97958193461477
//Volumes/MASON_USB/new_images/R06-OTB1-FA13 (44).JPG,251.9791273702005
//Volumes/MASON_USB/new_images/R06-OTB1-FA13 (96).JPG,254.3805181199052
//Volumes/MASON_USB/new_images/R06-OTB1-WI14 (2000).JPG,847.7476974519508
//Volumes/MASON_USB/new_images/R06-OTB1-WI14 (2001).JPG,834.4549586099157
//Volumes/MASON_USB/new_images/R06-OTB1-WI14 (2222).JPG,283.6120368844088
//Volumes/MASON_USB/new_images/R06-OTB1-WI14 (2223).JPG,287.8842872213131
//Volumes/MASON_USB/new_images/R06-OTB1-WI14 (2224).JPG,772.0893564853484
//Volumes/MASON_USB/new_images/R06-OTB1-WI14 (2227).JPG,788.1097712897589
//Volumes/MASON_USB/new_images/R06-OTB1-WI14 (44).JPG,800.1872537697991
//Volumes/MASON_USB/new_images/R06-OTB1-WI14 (46).JPG,833.0962861160967
//Volumes/MASON_USB/new_images/R06-OTB1-WI14 (47).JPG,831.4513299450058
//Volumes/MASON_USB/new_images/R06-OTB1-WI14 (48).JPG,824.7334056136331
//Volumes/MASON_USB/new_images/R06-OTB1-WI14 (49).JPG,814.8464881131068
//Volumes/MASON_USB/new_images/R06-OTB1-WI14 (50).JPG,816.9515777368646
//Volumes/MASON_USB/new_images/R06-OTB1-WI14 (51).JPG,818.6590808776192
//Volumes/MASON_USB/new_images/R06-OTB1-WI14 (52).JPG,820.2300972231237
//Volumes/MASON_USB/new_images/R06-OTB1-WI14 (56).JPG,819.3514017780599
//Volumes/MASON_USB/new_images/R06-OTB1-WI14 (57).JPG,825.5710889413365
//Volumes/MASON_USB/new_images/R06-OTB1-WI14 (59).JPG,823.5879300354256
//Volumes/MASON_USB/new_images/R06-OTB1-WI14 (79).JPG,837.3580259340089
//Volumes/MASON_USB/new_images/R06-OTB1-WI14 (80).JPG,840.6496566808642
//Volumes/MASON_USB/new_images/R06-OTB1-WI14 (81).JPG,835.826686374455
//Volumes/MASON_USB/new_images/R06-OTB1-WI14 (84).JPG,824.1740858224852
//Volumes/MASON_USB/new_images/R06-SLT2-FA13 (112).JPG,1260.2000887247002
//Volumes/MASON_USB/new_images/R06-SLT2-WI14 (14).JPG,259.41222468560795
//Volumes/MASON_USB/new_images/R06-SLT2-WI14 (15).JPG,254.3308596708153
//Volumes/MASON_USB/new_images/R06-SLT2-WI14 (16).JPG,251.72655645297235
//Volumes/MASON_USB/new_images/R06-SLT2-WI14 (18).JPG,253.21560221345376
//Volumes/MASON_USB/new_images/R06-SLT2-WI14 (30).JPG,366.9723796311414
//Volumes/MASON_USB/new_images/R06-SLT2-WI14 (31).JPG,376.24277179006737
//Volumes/MASON_USB/new_images/R06-SLT2-WI14 (32).JPG,264.4941305021244
//Volumes/MASON_USB/new_images/R06-SLT2-WI14 (36).JPG,266.773518432593
//Volumes/MASON_USB/new_images/R06-SLT2-WI14 (37).JPG,267.3138644200152
//Volumes/MASON_USB/new_images/R06-SLT2-WI14 (38).JPG,270.81285050493904
//Volumes/MASON_USB/new_images/R06-SLT2-WI14 (39).JPG,270.4401780268758
//Volumes/MASON_USB/new_images/R06-SLT2-WI14 (40).JPG,266.3446869887204
//Volumes/MASON_USB/new_images/R07-FSP1-FA13 (66).JPG,284.91549740499795
//Volumes/MASON_USB/new_images/R07-FSP1-FA13 (67).JPG,276.87389645356023
//Volumes/MASON_USB/new_images/R07-FSP1-FA13 (68).JPG,285.7195013139324
//Volumes/MASON_USB/new_images/R07-FSP1-FA13 (69).JPG,278.1907162091133
//Volumes/MASON_USB/new_images/R07-FSP1-FA13 (70).JPG,274.79606905479915
//Volumes/MASON_USB/new_images/R07-GOF1-FA13 (134).JPG,772.2869490848168
//Volumes/MASON_USB/new_images/R07-GOF1-FA13 (23).JPG,823.9851183412761
//Volumes/MASON_USB/new_images/R07-GOF1-WI14 (47).JPG,241.87166512652124
//Volumes/MASON_USB/new_images/R07-GOF1-WI14 (51).JPG,253.52960240131932
//Volumes/MASON_USB/new_images/R07-GOF1-WI14 (52).JPG,258.4211172262645
//Volumes/MASON_USB/new_images/R07-GOF1-WI14 (53).JPG,253.99159291271337
//Volumes/MASON_USB/new_images/R07-GOF1-WI14 (54).JPG,260.67976036479365
//Volumes/MASON_USB/new_images/R07-GOF1-WI14 (55).JPG,260.8728769651397
//Volumes/MASON_USB/new_images/R07-GOF1-WI14 (56).JPG,266.50421151791187
//Volumes/MASON_USB/new_images/R07-GOF1-WI14 (57).JPG,266.033663251394
//Volumes/MASON_USB/new_images/R07-GOF1-WI14 (60).JPG,259.52780457876537
//Volumes/MASON_USB/new_images/R07-MMP1-FA13 (93).JPG,253.08917769846036
//Volumes/MASON_USB/new_images/R07-MMP1-FA13 (94).JPG,259.1098219075762
//Volumes/MASON_USB/new_images/R07-MMP1-FA13 (95).JPG,262.2112254067777
//Volumes/MASON_USB/new_images/R07-MMP1-WI14 (11).JPG,295.62557029947493
//Volumes/MASON_USB/new_images/R07-MMP1-WI14 (28).JPG,310.1493744601545
//Volumes/MASON_USB/new_images/R07-YHR1-FA13 (132).JPG,1627.252354635528
//Volumes/MASON_USB/new_images/R07-YHR1-FA13 (187).JPG,807.9916030314821
//Volumes/MASON_USB/new_images/R07-YHR1-FA13 (28).JPG,833.6688093992097
//Volumes/MASON_USB/new_images/R07-YHR1-FA13 (29).JPG,584.0886018824983
//Volumes/MASON_USB/new_images/R07-YHR1-FA13 (30).JPG,605.9301622940261
//Volumes/MASON_USB/new_images/R08-DAP1-FA13 (28).JPG,278.19990241387075
//Volumes/MASON_USB/new_images/R08-DAP1-WI14 (13).JPG,203.22522025193206
//Volumes/MASON_USB/new_images/R08-DAP1-WI14 (37).JPG,227.00220644983207
//Volumes/MASON_USB/new_images/R08-PAP1-WI14 (11).JPG,820.7298494255596
//Volumes/MASON_USB/new_images/R08-PAP1-WI14 (12).JPG,817.1523836673103
//Volumes/MASON_USB/new_images/R08-PAP1-WI14 (13).JPG,818.2242132235776
//Volumes/MASON_USB/new_images/R08-PAP1-WI14 (15).JPG,775.7124940988346
//Volumes/MASON_USB/new_images/R08-PAP1-WI14 (31).JPG,777.2639015244764
//Volumes/MASON_USB/new_images/R08-PAP1-WI14 (32).JPG,763.3390964707576
//Volumes/MASON_USB/new_images/R08-PAP1-WI14 (33).JPG,759.6527295999313
//Volumes/MASON_USB/new_images/R08-PAP1-WI14 (35).JPG,764.9757159151858
//Volumes/MASON_USB/new_images/R08-PAP1-WI14 (37).JPG,796.9686030615248
//Volumes/MASON_USB/new_images/R08-PAP1-WI14 (39).JPG,778.912815695229
//Volumes/MASON_USB/new_images/R08-PAP1-WI14 (46).JPG,777.2561020617875
//Volumes/MASON_USB/new_images/R08-PAP1-WI14 (47).JPG,763.0887372541163
//Volumes/MASON_USB/new_images/R08-PAP1-WI14 (48).JPG,752.2150601267037
//Volumes/MASON_USB/new_images/R08-PAP1-WI14 (7).JPG,827.3078292919988
//Volumes/MASON_USB/new_images/R08-PAP1-WI14 (8).JPG,829.7340858435851
//Volumes/MASON_USB/new_images/R08-VLG1-FA13 (34).JPG,244.17181475922416
//Volumes/MASON_USB/new_images/R08-VLG1-FA13 (5).JPG,244.53444635367066
//Volumes/MASON_USB/new_images/R08-VLG1-FA13 (7).JPG,241.11283006953158
//Volumes/MASON_USB/new_images/R08-WBK1-FA13 (112).JPG,244.71792296114805
//Volumes/MASON_USB/new_images/R08-WBK1-FA13 (220).JPG,248.14106427151825
//Volumes/MASON_USB/new_images/R08-WBK1-FA13 (24).JPG,261.5778917959889
//Volumes/MASON_USB/new_images/R08-WBK1-FA13 (25).JPG,260.9699020448881
//Volumes/MASON_USB/new_images/R08-WBK1-FA13 (476).JPG,239.798900875645
//Volumes/MASON_USB/new_images/R08-WBK1-FA13 (564).JPG,249.638463825821
//Volumes/MASON_USB/new_images/R08-WBK1-FA13 (597).JPG,257.0714330183665
//Volumes/MASON_USB/new_images/R08-WBK1-FA13 (598).JPG,250.17119450219292
//Volumes/MASON_USB/new_images/R08-WBK1-FA13 (79).JPG,249.80101803736545
//Volumes/MASON_USB/new_images/R08-WBK1-FA13 (888).JPG,217.05157979847826
//Volumes/MASON_USB/new_images/R08-WBK1-WI14 (10).JPG,232.75445219106115
//Volumes/MASON_USB/new_images/R08-WBK1-WI14 (12).JPG,226.16479201834994
//Volumes/MASON_USB/new_images/R08-WBK1-WI14 (13).JPG,226.7081911178441
//Volumes/MASON_USB/new_images/R08-WBK1-WI14 (14).JPG,225.64791437152724
//Volumes/MASON_USB/new_images/R08-WBK1-WI14 (15).JPG,227.68448850779345
//Volumes/MASON_USB/new_images/R08-WBK1-WI14 (27).JPG,248.8954131713626
//Volumes/MASON_USB/new_images/R08-WBK1-WI14 (28).JPG,254.5843546488245
//Volumes/MASON_USB/new_images/R08-WBK1-WI14 (29).JPG,249.4343830796951
//Volumes/MASON_USB/new_images/R08-WBK1-WI14 (30).JPG,248.7348974530814
//Volumes/MASON_USB/new_images/R08-WBK1-WI14 (31).JPG,248.33326734989032
//Volumes/MASON_USB/new_images/R08-WBK1-WI14 (43).JPG,254.31834178409443
//Volumes/MASON_USB/new_images/R08-WBK1-WI14 (44).JPG,259.1618463496361
//Volumes/MASON_USB/new_images/R08-WBK1-WI14 (45).JPG,259.92249690344846
//Volumes/MASON_USB/new_images/R08-WBK1-WI14 (46).JPG,257.200751364396
//Volumes/MASON_USB/new_images/R08-WBK1-WI14 (47).JPG,259.06209416985394
//Volumes/MASON_USB/new_images/R08-WBK1-WI14 (49).JPG,246.37999512137355
//Volumes/MASON_USB/new_images/R08-WBK1-WI14 (50).JPG,247.25662607171645
//Volumes/MASON_USB/new_images/R08-WBK1-WI14 (51).JPG,246.05512134849954
//Volumes/MASON_USB/new_images/R08-WBK1-WI14 (9).JPG,236.06180842167836
//Volumes/MASON_USB/new_images/R09-BLW1-FA13 (113).JPG,245.12714188402626
//Volumes/MASON_USB/new_images/R09-BLW1-FA13 (143).JPG,260.0159895646434
//Volumes/MASON_USB/new_images/R09-BLW1-FA13 (144).JPG,268.2321577782399
//Volumes/MASON_USB/new_images/R09-BLW1-FA13 (155).JPG,259.307747346669
//Volumes/MASON_USB/new_images/R09-BLW1-FA13 (16).JPG,257.82079755001865
//Volumes/MASON_USB/new_images/R09-BLW1-FA13 (17).JPG,256.78769213547093
//Volumes/MASON_USB/new_images/R09-BLW1-FA13 (18).JPG,259.00424058195256
//Volumes/MASON_USB/new_images/R09-BLW1-FA13 (26).JPG,262.2873667562404
//Volumes/MASON_USB/new_images/R09-BLW1-FA13 (27).JPG,263.2816014510491
//Volumes/MASON_USB/new_images/R09-BLW1-FA13 (28).JPG,263.96502822659255
//Volumes/MASON_USB/new_images/R09-BLW1-FA13 (35).JPG,252.88018915652484
//Volumes/MASON_USB/new_images/R09-BLW1-FA13 (36).JPG,254.88673702017246
//Volumes/MASON_USB/new_images/R09-BLW1-FA13 (37).JPG,255.24001312570567
//Volumes/MASON_USB/new_images/R09-BLW1-FA13 (38).JPG,252.63495746683296
//Volumes/MASON_USB/new_images/R09-BLW1-FA13 (39).JPG,254.44848548080537
//Volumes/MASON_USB/new_images/R09-BLW1-FA13 (40).JPG,256.1469675723956
//Volumes/MASON_USB/new_images/R09-BLW1-FA13 (41).JPG,251.80340032203134
//Volumes/MASON_USB/new_images/R09-BLW1-FA13 (99).JPG,249.47781807953632
//Volumes/MASON_USB/new_images/R09-BLW1-WI14 (16).JPG,377.9647912649948
//Volumes/MASON_USB/new_images/R09-BLW1-WI14 (22).JPG,404.0918563057021
//Volumes/MASON_USB/new_images/R09-CTG3-FA13 (10).JPG,887.5071605243261
//Volumes/MASON_USB/new_images/R09-CTG3-FA13 (11).JPG,927.6647167312923
//Volumes/MASON_USB/new_images/R09-CTG3-FA13 (14).JPG,309.2844863482327
//Volumes/MASON_USB/new_images/R09-CTG3-FA13 (28).JPG,324.33152067471553
//Volumes/MASON_USB/new_images/R09-CTG3-FA13 (37).JPG,300.21141215893203
//Volumes/MASON_USB/new_images/R09-CTG3-FA13 (44).JPG,300.71508931108696
//Volumes/MASON_USB/new_images/R09-CTG3-FA13 (46).JPG,298.14030419006474
//Volumes/MASON_USB/new_images/R09-CTG3-FA13 (53).JPG,295.94174906320455
//Volumes/MASON_USB/new_images/R09-CTG3-FA13 (54).JPG,301.3966170063916
//Volumes/MASON_USB/new_images/R09-CTG3-FA13 (55).JPG,294.39375300765136
//Volumes/MASON_USB/new_images/R09-CTG3-FA13 (7).JPG,315.42609352029507
//Volumes/MASON_USB/new_images/R09-CTG3-FA13 (74).JPG,302.3587573292456
//Volumes/MASON_USB/new_images/R09-CTG3-FA13 (8).JPG,317.38794672220905
//Volumes/MASON_USB/new_images/R09-CTG3-FA13 (9).JPG,319.244566571843
//Volumes/MASON_USB/new_images/R09-CTG3-FA13 (99).JPG,297.9779046650853
//Volumes/MASON_USB/new_images/R09-LIM2-FA13 (222).JPG,704.6413877248573
//Volumes/MASON_USB/new_images/R10-FRM1-FA13 (128).JPG,785.9229510437274
//Volumes/MASON_USB/new_images/R10-FRM1-FA13 (129).JPG,789.7875966823744
//Volumes/MASON_USB/new_images/R10-FRM1-FA13 (235).JPG,244.55941514805704
//Volumes/MASON_USB/new_images/R10-FRM1-FA13 (281).JPG,229.2501160977554
//Volumes/MASON_USB/new_images/R10-FRM1-FA13 (289).JPG,257.13995360527707
//Volumes/MASON_USB/new_images/R10-FRM1-FA13 (374).JPG,745.2192360229624
//Volumes/MASON_USB/new_images/R10-FRM1-FA13 (428).JPG,235.53733252628885
//Volumes/MASON_USB/new_images/R10-FRM1-FA13 (595).JPG,763.2470173540504
//Volumes/MASON_USB/new_images/R10-FRM1-FA13 (596).JPG,762.0602712554072
//Volumes/MASON_USB/new_images/R10-FRM1-FA13 (597).JPG,754.7496406427929
//Volumes/MASON_USB/new_images/R10-FRM1-WI14 (20).JPG,271.39350858281927
//Volumes/MASON_USB/new_images/R10-FRM1-WI14 (36).JPG,257.83713336681075
//Volumes/MASON_USB/new_images/R10-FRM1-WI14 (37).JPG,259.4648981801698
//Volumes/MASON_USB/new_images/R10-FRM1-WI14 (38).JPG,254.5276404982183
//Volumes/MASON_USB/new_images/R10-FRM1-WI14 (39).JPG,247.3542625907494
//Volumes/MASON_USB/new_images/R10-FRM2-WI14 (34).JPG,267.106641398022
//Volumes/MASON_USB/new_images/R10-FRM2-WI14 (35).JPG,263.86646290216135
//Volumes/MASON_USB/new_images/R10-FRM2-WI14 (37).JPG,317.59569569391493
//Volumes/MASON_USB/new_images/R10-FRM2-WI14 (38).JPG,311.7793774332615
//Volumes/MASON_USB/new_images/R10-FRM2-WI14 (39).JPG,307.35336105319016
//Volumes/MASON_USB/new_images/R10-FRM2-WI14 (40).JPG,311.8743337276773
//Volumes/MASON_USB/new_images/R10-FRM2-WI14 (41).JPG,309.2143886262402
//Volumes/MASON_USB/new_images/R10-FRM2-WI14 (42).JPG,311.37553920898995
//Volumes/MASON_USB/new_images/R10-WCP3-FA13 (22).JPG,271.06782893468727
//Volumes/MASON_USB/new_images/R10-WCP3-FA13 (37).JPG,260.15288814802756
//Volumes/MASON_USB/new_images/R10-WCP3-FA13 (55).JPG,258.41646662027625
//Volumes/MASON_USB/new_images/R10-WCP3-WI14 (11).JPG,372.32882353859986
//Volumes/MASON_USB/new_images/R10-WCP3-WI14 (14).JPG,388.87276147277527
//Volumes/MASON_USB/new_images/R10-WCP3-WI14 (17).JPG,381.3487241186126
//Volumes/MASON_USB/new_images/R10-WCP3-WI14 (19).JPG,372.4926562500347
//Volumes/MASON_USB/new_images/R10-WCP3-WI14 (20).JPG,351.8588628336179
//Volumes/MASON_USB/new_images/R10-WCP3-WI14 (21).JPG,428.4819430413562
//Volumes/MASON_USB/new_images/R10-WCP3-WI14 (24).JPG,367.77060161979966
//Volumes/MASON_USB/new_images/R10-WCP3-WI14 (25).JPG,370.85780074854154
//Volumes/MASON_USB/new_images/R10-WCP3-WI14 (39).JPG,355.7033298770179
//Volumes/MASON_USB/new_images/R10-WCP3-WI14 (40).JPG,346.6853671462136
//Volumes/MASON_USB/new_images/R10-WCP3-WI14 (41).JPG,359.5419416185227
//Volumes/MASON_USB/new_images/R10-WDW1-FA13 (100).JPG,233.87240494153033
//Volumes/MASON_USB/new_images/R10-WDW1-FA13 (102).JPG,229.6015078401942
//Volumes/MASON_USB/new_images/R10-WDW1-FA13 (103).JPG,234.5073647782505
//Volumes/MASON_USB/new_images/R10-WDW1-FA13 (106).JPG,227.78532618607616
//Volumes/MASON_USB/new_images/R10-WDW1-FA13 (107).JPG,232.38292081233158
//Volumes/MASON_USB/new_images/R10-WDW1-FA13 (114).JPG,221.24730493984876
//Volumes/MASON_USB/new_images/R10-WDW1-FA13 (115).JPG,209.53210686315023
//Volumes/MASON_USB/new_images/R10-WDW1-FA13 (116).JPG,198.5889635866991
//Volumes/MASON_USB/new_images/R10-WDW1-FA13 (124).JPG,223.64350028962295
//Volumes/MASON_USB/new_images/R10-WDW1-FA13 (128).JPG,226.14486822398698
//Volumes/MASON_USB/new_images/R10-WDW1-FA13 (21).JPG,219.99732672683604
//Volumes/MASON_USB/new_images/R10-WDW1-FA13 (22).JPG,218.4333315382003
//Volumes/MASON_USB/new_images/R10-WDW1-FA13 (46).JPG,209.52907054759456
//Volumes/MASON_USB/new_images/R10-WDW1-FA13 (47).JPG,208.98704216864644
//Volumes/MASON_USB/new_images/R10-WDW1-FA13 (60).JPG,209.00972910790014
//Volumes/MASON_USB/new_images/R10-WDW1-FA13 (97).JPG,225.52269746147454
//Volumes/MASON_USB/new_images/R10-WDW1-FA13 (98).JPG,229.95407636301684
//Volumes/MASON_USB/new_images/R10-WDW1-FA13 (99).JPG,231.22659057270135
//Volumes/MASON_USB/new_images/R10-WDW1-WI14 (35).JPG,277.2680981285047
//Volumes/MASON_USB/new_images/S02-BNS1-WI14 (15).JPG,268.19828344483886
//Volumes/MASON_USB/new_images/S02-CPR1-FA13 (20).JPG,700.0744857675382
//Volumes/MASON_USB/new_images/S02-CPR1-FA13 (21).JPG,700.8635321629869
//Volumes/MASON_USB/new_images/S02-CPR1-FA13 (22).JPG,693.658203397192
//Volumes/MASON_USB/new_images/S02-CPR1-FA13 (23).JPG,696.454351252242
//Volumes/MASON_USB/new_images/S02-CPR1-FA13 (24).JPG,689.0816904532569
//Volumes/MASON_USB/new_images/S02-CPR1-FA13 (25).JPG,696.273720868194
//Volumes/MASON_USB/new_images/S02-CPR1-FA13 (26).JPG,680.504468169236
//Volumes/MASON_USB/new_images/S02-CPR1-FA13 (27).JPG,680.4974950851318
//Volumes/MASON_USB/new_images/S02-CPR1-FA13 (28).JPG,683.9174605920351
//Volumes/MASON_USB/new_images/S02-CPR1-FA13 (315).JPG,702.089131163235
//Volumes/MASON_USB/new_images/S02-CPR1-FA13 (316).JPG,698.9656850059233
//Volumes/MASON_USB/new_images/S02-CPR1-WI14 (1896).JPG,629.2318244167705
//Volumes/MASON_USB/new_images/S02-CPR1-WI14 (2217).JPG,257.06657493919494
//Volumes/MASON_USB/new_images/S02-CPR1-WI14 (2218).JPG,252.88916373701852
//Volumes/MASON_USB/new_images/S02-CPR1-WI14 (2219).JPG,255.9650146037471
//Volumes/MASON_USB/new_images/S02-CPR1-WI14 (2220).JPG,256.50543517076807
//Volumes/MASON_USB/new_images/S02-CPR1-WI14 (2221).JPG,246.21998971783222
//Volumes/MASON_USB/new_images/S02-CPR1-WI14 (2222).JPG,244.6648552864957
//Volumes/MASON_USB/new_images/S02-MCP1-FA13 (288).JPG,291.92169484629653
//Volumes/MASON_USB/new_images/S02-MCP1-FA13 (289).JPG,294.83900159310645
//Volumes/MASON_USB/new_images/S03-JKP2-FA13 (122).JPG,358.73416375992554
//Volumes/MASON_USB/new_images/S03-JKP2-FA13 (154).JPG,318.12250045384286
//Volumes/MASON_USB/new_images/S03-JKP2-FA13 (158).JPG,323.6154662500922
//Volumes/MASON_USB/new_images/S03-JKP2-FA13 (159).JPG,314.0861012003862
//Volumes/MASON_USB/new_images/S03-JKP2-FA13 (34).JPG,356.4419163909611
//Volumes/MASON_USB/new_images/S03-LCP1-FA13 (26).JPG,806.6780331474275
//Volumes/MASON_USB/new_images/S03-LCP1-FA13 (27).JPG,808.5875505989217
//Volumes/MASON_USB/new_images/S03-LCP1-FA13 (29).JPG,811.8424654475846
//Volumes/MASON_USB/new_images/S03-LCP1-FA13 (40).JPG,826.8451479249599
//Volumes/MASON_USB/new_images/S03-LCP1-FA13 (43).JPG,815.6133820666471
//Volumes/MASON_USB/new_images/S04-HAP1-FA13 (189).JPG,857.5726870975479
//Volumes/MASON_USB/new_images/S04-OTW1-FA13 (157).JPG,307.40057870651304
//Volumes/MASON_USB/new_images/S04-OTW1-FA13 (159).JPG,299.158713789874
//Volumes/MASON_USB/new_images/S04-OTW1-FA13 (323).JPG,311.0719593867597
//Volumes/MASON_USB/new_images/S04-OTW1-FA13 (392).JPG,1384.5593558056323
//Volumes/MASON_USB/new_images/S04-OTW1-FA13 (393).JPG,1373.6528275458923
//Volumes/MASON_USB/new_images/S04-OTW1-WI14 (501).JPG,192.02118794577166
//Volumes/MASON_USB/new_images/S04-OTW1-WI14 (502).JPG,192.76359196797236
//Volumes/MASON_USB/new_images/S04-OTW1-WI14 (503).JPG,197.69758516756733
//Volumes/MASON_USB/new_images/S04-OTW1-WI14 (504).JPG,193.32694340351236
//Volumes/MASON_USB/new_images/S05-LNC1-FA13 (29).JPG,801.6668347509674
//Volumes/MASON_USB/new_images/S05-LNC1-FA13 (30).JPG,797.6173011564051
//Volumes/MASON_USB/new_images/S05-LNC1-FA13 (62).JPG,778.4722504201725
//Volumes/MASON_USB/new_images/S05-RES1-FA13 (203).JPG,783.1465309815483
//Volumes/MASON_USB/new_images/S05-RES1-FA13 (204).JPG,786.2672954149051
//Volumes/MASON_USB/new_images/S05-RES1-FA13 (205).JPG,789.2820473363114
//Volumes/MASON_USB/new_images/S05-SFP2-FA13 (102).JPG,829.6026219993848
//Volumes/MASON_USB/new_images/S05-SFP2-FA13 (154).JPG,852.6637051167734
//Volumes/MASON_USB/new_images/S05-SFP2-FA13 (155).JPG,841.6524667624477
//Volumes/MASON_USB/new_images/S05-SFP2-FA13 (257).JPG,827.7291729361077
//Volumes/MASON_USB/new_images/S05-SFP2-FA13 (79).JPG,270.11832277172505
//Volumes/MASON_USB/new_images/S05-SFP2-FA13 (81).JPG,280.2715629727442
//Volumes/MASON_USB/new_images/S05-SFP2-WI14 (2237).JPG,830.5021393204436
//Volumes/MASON_USB/new_images/S05-SFP2-WI14 (2238).JPG,820.6170819739046
//Volumes/MASON_USB/new_images/S05-SFP2-WI14 (2239).JPG,834.8065992844582
//Volumes/MASON_USB/new_images/S06-CBW1-FA13 (153).JPG,353.956181230043
//Volumes/MASON_USB/new_images/S06-CBW1-FA13 (268).JPG,244.51760474604143
//Volumes/MASON_USB/new_images/S07-SAG1-FA13 (35).JPG,797.0523828295951
//Volumes/MASON_USB/new_images/S07-SAG1-FA13 (36).JPG,792.0507712539242
//Volumes/MASON_USB/new_images/S07-SAG1-WI14 (15).JPG,201.19369427287825
//Volumes/MASON_USB/new_images/S07-STJ1-FA13 (10).JPG,244.30792568789286
//Volumes/MASON_USB/new_images/S07-STJ1-FA13 (100).JPG,266.9560819366898
//Volumes/MASON_USB/new_images/S07-STJ1-FA13 (101).JPG,266.02755035850254
//Volumes/MASON_USB/new_images/S07-STJ1-FA13 (116).JPG,263.5453519625904
//Volumes/MASON_USB/new_images/S07-STJ1-FA13 (117).JPG,266.2225586471086
//Volumes/MASON_USB/new_images/S07-STJ1-FA13 (122).JPG,260.12028452710865
//Volumes/MASON_USB/new_images/S07-STJ1-FA13 (123).JPG,259.4394367208387
//Volumes/MASON_USB/new_images/S07-STJ1-FA13 (124).JPG,256.8128312545073
//Volumes/MASON_USB/new_images/S07-STJ1-FA13 (125).JPG,255.05079655944655
//Volumes/MASON_USB/new_images/S07-STJ1-FA13 (126).JPG,250.33487566584543
//Volumes/MASON_USB/new_images/S07-STJ1-FA13 (127).JPG,254.10757441848872
//Volumes/MASON_USB/new_images/S07-STJ1-FA13 (128).JPG,255.6318686347696
//Volumes/MASON_USB/new_images/S07-STJ1-FA13 (30).JPG,257.55448598478637
//Volumes/MASON_USB/new_images/S07-STJ1-FA13 (68).JPG,261.25040365140126
//Volumes/MASON_USB/new_images/S07-STJ1-FA13 (7).JPG,253.21112466480008
//Volumes/MASON_USB/new_images/S07-STJ1-FA13 (8).JPG,256.7912681937928
//Volumes/MASON_USB/new_images/S07-STJ1-FA13 (9).JPG,247.3586732644558
//Volumes/MASON_USB/new_images/S07-STJ1-WI14 (1455).JPG,818.8395779554095
//Volumes/MASON_USB/new_images/S07-STJ1-WI14 (1456).JPG,828.7844988108363
//Volumes/MASON_USB/new_images/S07-STJ1-WI14 (1457).JPG,825.0945643061119
//Volumes/MASON_USB/new_images/S07-STJ1-WI14 (1458).JPG,824.8061370518622
//Volumes/MASON_USB/new_images/S07-STJ1-WI14 (1459).JPG,823.4610903055595
//Volumes/MASON_USB/new_images/S07-STJ1-WI14 (1460).JPG,817.2405609213008
//Volumes/MASON_USB/new_images/S07-STJ1-WI14 (1461).JPG,827.6973203263151
//Volumes/MASON_USB/new_images/S07-STJ1-WI14 (2226).JPG,585.7167659163242
//Volumes/MASON_USB/new_images/S07-WGL2-FA13 (101).JPG,270.66609272387296
//Volumes/MASON_USB/new_images/S07-WGL2-FA13 (116).JPG,262.09574428114666
//Volumes/MASON_USB/new_images/S07-WGL2-FA13 (117).JPG,257.41773357285746
//Volumes/MASON_USB/new_images/S07-WGL2-FA13 (118).JPG,250.85823719952432
//Volumes/MASON_USB/new_images/S07-WGL2-FA13 (120).JPG,251.31009603709987
//Volumes/MASON_USB/new_images/S07-WGL2-FA13 (64).JPG,264.0842222198364
//Volumes/MASON_USB/new_images/S07-WGL2-FA13 (65).JPG,271.780080157015
//Volumes/MASON_USB/new_images/S07-WGL2-FA13 (67).JPG,269.96474094829057
//Volumes/MASON_USB/new_images/S07-WGL2-FA13 (68).JPG,269.2629743926649
//Volumes/MASON_USB/new_images/S07-WGL2-FA13 (70).JPG,267.7710005310059
//Volumes/MASON_USB/new_images/S07-WGL2-FA13 (71).JPG,262.3908373132192
//Volumes/MASON_USB/new_images/S07-WGL2-FA13 (72).JPG,259.1376770372062
//Volumes/MASON_USB/new_images/S07-WGL2-FA13 (89).JPG,245.82862323611343
//Volumes/MASON_USB/new_images/S07-WGL2-WI14 (15).JPG,260.0780412732584
//Volumes/MASON_USB/new_images/S07-WGL2-WI14 (16).JPG,259.91063880900657
//Volumes/MASON_USB/new_images/S07-WGL2-WI14 (17).JPG,254.42758303355095
//Volumes/MASON_USB/new_images/S07-WGL2-WI14 (18).JPG,258.5096199887307
//Volumes/MASON_USB/new_images/S08-WGL1-FA13 (48).JPG,296.6727412657879
//Volumes/MASON_USB/new_images/S08-WGL1-WI14 (15).JPG,235.02294879906168
//Volumes/MASON_USB/new_images/S08-WGL1-WI14 (16).JPG,241.04518782167318
//Volumes/MASON_USB/new_images/S08-WGL1-WI14 (17).JPG,239.18419689635368
//Volumes/MASON_USB/new_images/S08-WGL1-WI14 (18).JPG,285.1395570121462
//Volumes/MASON_USB/new_images/S08-WGL1-WI14 (19).JPG,320.6130982851266
//Volumes/MASON_USB/new_images/S08-WGL1-WI14 (20).JPG,321.6775664033223
//Volumes/MASON_USB/new_images/S08-WGL1-WI14 (21).JPG,322.0863911806884
//Volumes/MASON_USB/new_images/S08-WGL1-WI14 (24).JPG,291.8406104485446
//Volumes/MASON_USB/new_images/S08-WGL1-WI14 (25).JPG,289.6875612300731
//Volumes/MASON_USB/new_images/S08-WGL1-WI14 (63).JPG,251.80243114389353
//Volumes/MASON_USB/new_images/S08-WGL1-WI14 (64).JPG,252.58294522447343
//Volumes/MASON_USB/new_images/S08-WGL1-WI14 (65).JPG,256.2636819575624
//Volumes/MASON_USB/new_images/S08-WGL1-WI14 (66).JPG,261.62129133756406
//Volumes/MASON_USB/new_images/S08-WGL1-WI14 (67).JPG,259.6263486254359
//Volumes/MASON_USB/new_images/S08-WGL1-WI14 (73).JPG,258.92845229093274
//Volumes/MASON_USB/new_images/S08-WGL1-WI14 (75).JPG,282.62649406861425
//Volumes/MASON_USB/new_images/S08-WGL2-FA13 (654).JPG,281.0358581953195
//Volumes/MASON_USB/new_images/S09-KTP1-FA13 (21).JPG,279.49220129671136
//Volumes/MASON_USB/new_images/S09-KTP1-FA13 (26).JPG,281.1480570755106
//Volumes/MASON_USB/new_images/S09-KTP1-FA13 (52).JPG,268.3906962322759
//Volumes/MASON_USB/new_images/S09-KTP1-WI14 (10).JPG,747.0759249855957
//Volumes/MASON_USB/new_images/S09-KTP1-WI14 (21).JPG,747.4079953543403
//Volumes/MASON_USB/new_images/S09-KTP1-WI14 (5).JPG,739.5805518536786
//Volumes/MASON_USB/new_images/S09-SMC1-WI14 (39).JPG,235.66911441965735
//Volumes/MASON_USB/new_images/S10-ILC1-FA13 (214).JPG,269.4751229859264
//Volumes/MASON_USB/new_images/S10-ILC1-FA13 (215).JPG,266.59944351484455
//Volumes/MASON_USB/new_images/S10-ILC1-WI14 (18).JPG,759.0949855919791
//Volumes/MASON_USB/new_images/S10-LPC1-FA13 (32).JPG,236.3410613919467
//Volumes/MASON_USB/new_images/S10-LPC1-FA13 (33).JPG,243.6481586658863
//Volumes/MASON_USB/new_images/S10-LPC1-FA13 (34).JPG,244.33588189156572
//Volumes/MASON_USB/new_images/S10-LPC1-FA13 (35).JPG,241.66235838499907
//Volumes/MASON_USB/new_images/S10-LPC1-FA13 (72).JPG,245.11328660413042
//Volumes/MASON_USB/new_images/S10-LPC1-FA13 (73).JPG,249.71971857459673
//Volumes/MASON_USB/new_images/S10-LPC1-FA13 (74).JPG,248.82930818073
//Volumes/MASON_USB/new_images/S10-LPP2-FA13 (15).JPG,917.5882860393505
//Volumes/MASON_USB/new_images/S10-LPP2-FA13 (16).JPG,918.0300928415483
//Volumes/MASON_USB/new_images/S10-LPP2-FA13 (17).JPG,906.160469640353
//Volumes/MASON_USB/new_images/S10-LPP2-FA13 (18).JPG,918.807417281354
//Volumes/MASON_USB/new_images/S10-LPP2-FA13 (28).JPG,927.27759252019
//Volumes/MASON_USB/new_images/S10-LPP2-FA13 (29).JPG,915.6394359966216
//Volumes/MASON_USB/new_images/S10-LPP2-FA13 (57).JPG,905.6407429026234
//Volumes/MASON_USB/new_images/S10-LPP2-FA13 (58).JPG,911.2737583628443
//Volumes/MASON_USB/new_images/S10-LPP2-FA13 (73).JPG,865.5115126395666
//Volumes/MASON_USB/new_images/S10-LPP2-FA13 (75).JPG,850.1047277707603
//Volumes/MASON_USB/new_images/S10-LPP2-FA13 (76).JPG,873.9072854593529
//Volumes/MASON_USB/new_images/S10-LPP2-FA13 (98).JPG,824.339024687291
//Volumes/MASON_USB/new_images/S10-LPP2-WI14 (25).JPG,299.5774516305675
//Volumes/MASON_USB/new_images/S10-LPP2-WI14 (26).JPG,300.815178413664
//Volumes/MASON_USB/new_images/S10-LPP2-WI14 (28).JPG,299.9237739250727
//Volumes/MASON_USB/new_images/S10-LPP2-WI14 (32).JPG,297.5384095868306
//Volumes/MASON_USB/new_images/S10-LPP2-WI14 (33).JPG,293.86540877757835
//Volumes/MASON_USB/new_images/S10-LPP2-WI14 (34).JPG,301.58256771502397
//Volumes/MASON_USB/new_images/S10-LPP2-WI14 (35).JPG,296.210069091862
//Volumes/MASON_USB/new_images/S10-LPP2-WI14 (39).JPG,266.2855389015767
